SET DB_CLOSE_DELAY -1;
CREATE USER IF NOT EXISTS SA SALT '8cc70cc2636333a9' HASH '078676cc75b4e4ee2ebf7aa04ae2b7bc8db3b238fb67c829946bd6cb8fb9dfcd' ADMIN;
INSERT INTO PUBLIC.PLAYER(ID, ACCOUNTNUMBER, BALANCE, CURRENCY, DATEOFBIRTH, NAME, USERNAME, VERSION) VALUES
(1, '123456789', 9999, 'EUR', DATE '1992-08-03', 'Admin Aladar', 'admin', 1);
INSERT INTO PUBLIC.USER(ID, PASSWORD, USERNAME, PLAYER_ID) VALUES
(1, 'admin', 'admin', 1);
INSERT INTO PUBLIC.OUTCOME(ID, VALUE, WON) VALUES
(3, 'Fradi wins', FALSE),
(5, 'Draw', FALSE),
(7, 'UTE wins', FALSE),
(9, '1 goal', FALSE),
(11, '2 goals', FALSE),
(13, '3 goals', FALSE);
INSERT INTO PUBLIC.OUTCOMEODD(ID, ODDVALUE, VALIDFROM, VALIDTO, OUTCOME_ID) VALUES
(4, 10.0, GETDATE() ,DATEADD(dd,1,GETDATE()), 3),
(6, 3.200000047683716, GETDATE() ,DATEADD(dd,1,GETDATE()), 5),
(8, 1.2000000476837158, GETDATE() ,DATEADD(dd,1,GETDATE()), 7),
(10, 10.0,GETDATE() ,DATEADD(dd,1,GETDATE()), 9),
(12, 3.200000047683716, GETDATE() ,DATEADD(dd,1,GETDATE()), 11),
(14, 1.2000000476837158, GETDATE() ,DATEADD(dd,1,GETDATE()), 13);
INSERT INTO PUBLIC.SPORTEVENT(DTYPE, ID, END, START, TITLE, RESULT_ID) VALUES
('FootballSportEvent', 2,TIMESTAMPADD(hh,2,CURRENT_TIMESTAMP) ,CURRENT_TIMESTAMP , 'Fradi vs UTE', NULL);
INSERT INTO PUBLIC.BET(ID, DESCRIPTION, TYPE, EVENT_ID) VALUES
(15, 'Fradi Ute win bet', 'WIN_BET', 2),
(16, 'Fradi Ute goals bet', 'ALL_GOALS_BET', 2);
INSERT INTO PUBLIC.BET_OUTCOME(BET_ID, OUTCOMES_ID) VALUES
(15, 3),
(15, 5),
(15, 7),
(16, 9),
(16, 11),
(16, 13);
ALTER SEQUENCE HIBERNATE_SEQUENCE restart with 50